,GPSpoint,Plot_no,Rep,Silt_A,Silt_B,Silt_C,Silt_D,Sand_A,Sand_B,Sand_C,Sand_D,Clay_A,Clay_B,Clay_C,Clay_D,Potassium ppm K,Sulfate-S ppm S,Zinc ppm Zn,Iron ppm Fe,Manganese ppm Mn,Sodium ppm Na,NO3ppm_0_12,NO3ppm_12_24,NO3ppm_24_36,NO3ppm_36_48,NO3ppm_48_60,NO3ppm_60_72,NO3_0_24,NO3_0_36,NO3_0_48,NO3_0_60,NO3_0_72,NO3_36_48,NO3_48_60,NO3_60_72,NO3_36_72,NO3_60_72.1,NO3_36_72.1,NH4_0_24,NH4_0_36,NH4_0_48,NH4_36_48,NH4_48_60,NH4_60_72,NH4_36_72,Nov_NO3ppm_0_12,Nov_NO3ppm_12_24,Nov_NO3ppm_24_36,Nov_NO3ppm_36_48,Nov_NO3ppm_48_60,Nov_NO3ppm_60_72,Nov_NO3_0_24,Nov_NO3_0_36,Nov_NO3_0_48,Nov_NO3_0_60,Nov_NO3_0_72,Nov_NO3_36_48,Nov_NO3_48_60,Nov_NO3_60_72,Nov_NO3_36_72
0,1.0,1.0,1.0,22.72,22.72,22.72,20.72,53.12,47.12,59.12,59.12,24.160000000000004,30.160000000000004,18.160000000000004,20.160000000000004,257.0,138.0,0.4,5.3,5.7,747.0,0.45655302466378844,0.07510138687227756,0.06547469151347268,0.23130688389400111,0.9572240502542628,1.4410238323172266,2.126617646144264,2.388516412198155,3.3137439477741593,7.142640148791211,12.906735478060117,0.9252275355760045,3.8288962010170513,5.7640953292689066,10.518219065861963,36.28575973560318,64.7806223070122,25.22817402324923,35.68067868954596,43.47157585374012,71.96643842514914,7.790897164194167,14.821536600120991,13.673325971288024,5.24,3.8850000000000002,9.83,1.715,1.6900000000000002,0.41000000000000003,36.5,75.82,82.67999999999999,89.44,91.08,6.86,6.760000000000001,1.6400000000000001,15.260000000000002
1,2.0,1.0,1.0,18.72,18.72,16.72,14.719999999999999,53.12,49.12,49.12,59.12,28.16,32.160000000000004,34.160000000000004,26.160000000000004,358.0,129.0,0.47,9.3,6.2,698.0,0.5598426388258435,0.19671138908503988,0.08401700108727884,0.14001400140014003,0.37656273535170953,1.2144534959268327,3.0262161116435333,3.3622841159926486,3.9223401215932086,5.428591063000047,10.286405046707378,0.5600560056005601,1.5062509414068381,4.857813983707331,6.924120930714729,27.85826564185792,48.69084108031403,19.79651462343854,28.667643494567415,35.69333369796922,56.525909136425334,7.025690203401806,11.299208654713011,9.5333667837431,1.1700000000000002,5.91,3.205,0.35000000000000003,0.9450000000000001,0.235,28.32,41.14,42.54,46.32,47.26,1.4000000000000001,3.7800000000000002,0.94,6.120000000000001
2,3.0,1.0,1.0,26.72,22.72,24.72,16.72,53.12,45.12,55.120000000000005,55.120000000000005,20.160000000000004,32.160000000000004,20.160000000000004,28.16,508.0,158.0,0.74,8.6,10.2,708.0,1.1762380152219036,0.0852899859522376,0.11068625477963372,0.9619743137748679,0.9823182711198428,1.1556046827111492,5.046112004696565,5.4888570238150995,9.33675427891457,13.266027363393942,17.88844609423854,3.8478972550994714,3.9292730844793713,4.622418730844597,12.39958907042344,28.55944158138523,50.05495460936211,25.00256897069118,32.043708211197504,39.10763676460585,60.603149792582734,7.063928553408345,10.597207091215212,10.898305936761675,5.25,6.444999999999999,4.905,1.025,0.76,0.185,46.78,66.4,70.5,73.54,74.28,4.1,3.04,0.74,7.88
3,4.0,1.0,1.0,24.72,24.72,24.72,16.72,53.12,45.12,55.120000000000005,55.120000000000005,22.160000000000004,30.160000000000004,20.160000000000004,28.16,445.0,234.0,1.01,8.2,8.1,923.0,0.6473931307141092,0.09076698098936009,0.0,0.41489627593101724,0.9049323786793952,0.7572315614114796,2.952640446813877,2.952640446813877,4.612225550537946,8.231955065255526,11.260881310901445,1.659585103724069,3.619729514717581,3.0289262456459185,8.30824086408757,28.65393289265878,49.90380257989995,22.188825373501714,30.390749903704744,37.79481310912235,59.044682796363524,7.404063205417606,10.832072617246595,10.417797069994576,5.2700000000000005,3.215,2.64,0.35000000000000003,1.34,0.5650000000000001,33.94,44.5,45.9,51.26,53.519999999999996,1.4000000000000001,5.36,2.2600000000000002,9.020000000000001
4,5.0,2.0,1.0,20.72,16.72,27.439999999999998,13.439999999999998,51.12,49.12,46.4,60.4,28.16,34.160000000000004,26.160000000000004,26.160000000000004,302.0,44.0,0.67,9.0,6.1,369.0,0.5396306747858806,0.03957261574990107,0.0,0.06538577607886531,0.37481259370314846,0.5287807825955583,2.3168131621431267,2.3168131621431267,2.578356266458588,4.077606641271181,6.192729771653415,0.26154310431546124,1.4992503748125938,2.115123130382233,3.875916609510288,28.582417832180347,49.006479362681915,20.843398372716152,28.845398872841184,37.00375517451996,57.42781670502153,8.158356301678777,11.019894233190634,9.404167297310932,1.315,0.525,0.155,0.0,0.27,0.04,7.359999999999999,7.9799999999999995,7.9799999999999995,9.059999999999999,9.219999999999999,0.0,1.08,0.16,1.24
5,6.0,2.0,1.0,26.72,20.72,22.72,16.72,55.120000000000005,51.12,57.11999999999999,57.11999999999999,18.160000000000004,28.16,20.160000000000004,26.160000000000004,363.0,57.0,0.67,11.5,7.1,364.0,0.46543870073281834,0.01008318628686665,0.0,0.12034901213519207,0.549589068723844,0.5187610173759758,1.90208754807874,1.90208754807874,2.3834835966195085,4.581839871514885,6.656883941018788,0.4813960485407683,2.198356274895376,2.075044069503903,4.754796392940047,28.992005628205398,50.21702096514866,19.20648060008193,25.529476975434328,33.29646726669646,54.521482603639726,7.766990291262135,9.533824044865053,11.691191292078209,1.565,0.045,0.0,0.11499999999999999,0.5650000000000001,0.03,6.4399999999999995,6.4399999999999995,6.8999999999999995,9.16,9.28,0.45999999999999996,2.2600000000000002,0.12,2.8400000000000003
6,7.0,2.0,1.0,26.72,24.72,24.0,16.0,53.12,47.12,57.83999999999999,63.839999999999996,20.160000000000004,28.16,18.160000000000004,20.160000000000004,272.0,32.0,0.5,10.9,5.5,322.0,0.1393520131389041,0.0,0.0,0.019773592367393348,0.21619990949771228,0.3318638862747041,0.5574080525556164,0.5574080525556164,0.6365024220251898,1.501302060016039,2.8287576051148555,0.07909436946957339,0.8647996379908491,1.3274555450988164,2.271349552559239,30.99876610714449,54.90469054384417,20.15866157879782,27.952173680836587,35.0450153512814,58.95093978798108,7.092841670444813,10.801586106510063,13.104338330189615,1.7449999999999999,0.035,0.04,0.0,1.03,1.115,7.119999999999999,7.279999999999999,7.279999999999999,11.399999999999999,15.86,0.0,4.12,4.46,8.58
7,8.0,2.0,1.0,28.72,18.72,12.719999999999999,-1.2800000000000011,41.12,41.12,55.120000000000005,67.12,30.160000000000004,40.160000000000004,32.160000000000004,34.160000000000004,141.0,111.0,0.09,9.0,1.8,589.0,0.4292702405909953,0.1056710109193378,0.050370221125270745,0.30658161499282993,0.46196334421290486,0.41262013787550944,2.1397650060413325,2.3412458905424156,3.5675723505137356,5.4154257273653545,7.065906278867392,1.2263264599713197,1.8478533768516194,1.6504805515020378,4.724660388324977,29.294099515334345,50.38100768040467,18.280066387869343,26.03590845072188,34.2430998009859,55.33000796605623,8.207191350264019,10.5279019538902,10.559006211180126,1.4549999999999998,0.05499999999999999,0.0,0.315,1.62,0.0,6.039999999999999,6.039999999999999,7.299999999999999,13.78,13.78,1.26,6.48,0.0,7.74
8,9.0,3.0,1.0,24.72,22.72,24.72,12.719999999999999,53.12,47.12,57.11999999999999,67.12,22.160000000000004,30.160000000000004,18.160000000000004,20.160000000000004,354.0,161.0,0.41,9.4,6.6,722.0,0.5525416917821981,0.1853243175557225,0.0,0.0,0.11984880612150826,0.1659041777688402,2.9514640373516827,2.9514640373516827,2.9514640373516827,3.430859261837716,4.094475972913076,0.0,0.47939522448603306,0.6636167110753608,1.143011935561394,23.118197520689836,40.022646113150486,18.493642095660825,24.84923340700435,31.06298233523353,47.96743092769418,6.213748928229182,8.154699445360514,8.74974914710014,2.41,0.17,0.015,0.125,0.865,0.0,10.32,10.38,10.88,14.34,14.34,0.5,3.46,0.0,3.96
9,10.0,3.0,1.0,24.72,22.72,22.72,20.72,55.120000000000005,51.12,53.12,49.12,20.160000000000004,26.160000000000004,24.160000000000004,30.160000000000004,340.0,83.0,0.69,9.5,6.1,518.0,0.38321903993545786,0.35813768404297647,0.3375694996028594,0.004999500049995001,0.253617783082202,0.5374203821656052,2.9654268959137373,4.315704894325175,4.335702894525155,5.350174026853963,7.499855555516383,0.019998000199980003,1.014471132328808,2.1496815286624207,3.1841506611912087,27.743820058398832,48.92499900496183,18.158432513376162,24.48748265195011,31.050123763785944,52.23130271034894,6.562641111835833,11.424590734935562,9.756588211627438,3.01,0.416,0.0,0.085,0.8350000000000001,0.195,13.703999999999999,13.703999999999999,14.043999999999999,17.384,18.164,0.34,3.3400000000000003,0.78,4.46
10,11.0,3.0,1.0,16.72,16.72,18.72,10.719999999999999,55.120000000000005,49.12,51.12,65.12,28.16,34.160000000000004,30.160000000000004,24.160000000000004,354.0,105.0,0.54,9.8,4.6,742.0,0.35750251762336355,0.05447971868654351,0.0,0.0,0.07982836900663573,0.18146990624054843,1.6479289452396282,1.6479289452396282,1.6479289452396282,1.967242421266171,2.693122046228365,0.0,0.3193134760265429,0.7258796249621937,1.0451931009887367,30.412417358676173,50.8954017560391,18.625827198044647,26.85727373892515,36.7867067002384,57.269691097601324,9.929432961313248,9.43917256614952,11.043811831213405,0.74,0.404,0.0,0.275,0.515,0.09,4.5760000000000005,4.5760000000000005,5.676,7.736000000000001,8.096,1.1,2.06,0.36,3.52
11,12.0,3.0,1.0,26.72,24.72,20.72,18.72,53.12,43.12,61.12,57.11999999999999,20.160000000000004,32.160000000000004,18.160000000000004,24.160000000000004,357.0,86.0,0.62,9.3,5.2,674.0,0.48132364001002764,0.0600901352028042,0.030249558860599948,0.0,0.1460001006897246,0.25717311280318694,2.1656551008513274,2.2866533362937274,2.2866533362937274,2.8706537390526257,3.8993461902653737,0.0,0.5840004027588984,1.0286924512127478,1.6126928539716463,40.09258231725426,67.44643951483103,17.448734768490954,25.501480251404033,38.24020537108153,65.5940625686583,12.7387251196775,15.38538488470965,11.968472312867112,0.63,0.363,0.005,0.26,0.735,0.17,3.972,3.992,5.032,7.9719999999999995,8.652,1.04,2.94,0.68,4.66
12,13.0,4.0,1.0,20.720000000000013,20.72,20.720000000000013,18.72,57.83999999999999,51.839999999999996,57.83999999999999,55.84,21.439999999999998,27.439999999999998,21.439999999999998,25.439999999999998,382.0,120.0,0.63,9.7,4.9,560.0,0.3119182975298083,0.05531529719400584,0.0,0.3692430517439249,0.6725117066852645,0.6180531326322085,1.4689343788952567,1.4689343788952567,2.945906585870956,5.6359534126120145,8.108165943140849,1.4769722069756996,2.690046826741058,2.472212530528834,6.639231564245591,25.145468159901448,43.34781191382021,20.404723199216264,27.39153483719069,34.334659243173384,52.53700299709214,6.943124405982691,9.682299546142207,8.52004420777655,0.125,0.427,0.0,0.0,0.12,0.0,2.208,2.208,2.208,2.688,2.688,0.0,0.48,0.0,0.48
13,14.0,4.0,1.0,17.439999999999998,15.439999999999998,13.439999999999998,17.439999999999998,55.120000000000005,63.12,65.12,63.12,27.439999999999998,21.439999999999998,21.439999999999998,19.439999999999998,343.0,44.0,0.62,10.2,5.1,373.0,0.3345483597143856,0.13947696139476962,0.1246758428086974,0.1893278860046834,0.7474213961831682,0.8139825218476904,1.896101284436621,2.3948046556714107,3.1521161996901443,6.141801784422817,9.39773187181358,0.7573115440187336,2.9896855847326727,3.2559300873907615,7.002927216142168,25.201772067155254,42.939728510728884,20.995598927903874,29.00362702624808,36.4674426498297,54.20539909340333,7.463815623581622,9.862350627741643,7.875605815831988,0.13,0.393,0.065,0.46499999999999997,0.39,0.195,2.092,2.3520000000000003,4.212,5.772,6.5520000000000005,1.8599999999999999,1.56,0.78,4.2
14,15.0,4.0,1.0,21.440000000000012,21.439999999999998,21.439999999999998,13.439999999999998,57.11999999999999,53.12,53.12,59.12,21.439999999999998,25.439999999999998,25.439999999999998,27.439999999999998,327.0,35.0,0.82,8.3,4.6,309.0,0.36463536463536467,0.099965012245714,0.01993719782684544,0.004985044865403789,0.45931103344982527,0.8981587745122498,1.8584015075243148,1.9381502988316965,1.9580904782933117,3.7953346120926126,7.387969710141611,0.019940179461615155,1.837244133799301,3.592635098048999,5.449819411309916,28.563890201581344,46.08748331880478,20.13733763665067,27.980474891552632,39.02077197591054,56.544365093133976,11.040297084357908,8.748236242693006,8.775356874530429,0.335,0.413,0.06,0.8999999999999999,-0.025,0.095,2.992,3.232,6.832,6.732,7.112,3.5999999999999996,-0.1,0.38,3.8799999999999994
15,16.0,4.0,1.0,20.72,20.72,20.72,16.720000000000013,53.839999999999996,41.839999999999996,49.839999999999996,57.83999999999999,25.439999999999998,37.44,29.439999999999998,25.439999999999998,315.0,102.0,0.39,7.4,3.9,633.0,0.3238664673642252,0.0846571385887157,0.06488968753119696,0.35876227016792067,0.7023311416616855,0.7777833175449969,1.6340944238117636,1.8936531739365514,3.328702254608234,6.138026821254976,9.249160091434963,1.4350490806716827,2.809324566646742,3.1111332701799874,7.3555069174984125,29.235165102374918,50.9424771484415,21.012428570240978,30.173809824645488,37.70166288095383,59.40897492702041,7.5278530563083415,9.93963782696177,11.767674219104808,0.55,0.424,0.095,0.005,0.21999999999999997,0.275,3.896,4.276,4.295999999999999,5.175999999999999,6.276,0.02,0.8799999999999999,1.1,2.0
16,17.0,5.0,1.0,18.72,15.440000000000012,19.439999999999998,17.439999999999998,53.839999999999996,57.11999999999999,47.12,55.120000000000005,27.439999999999998,27.439999999999998,33.44,27.439999999999998,411.0,93.0,0.54,10.0,7.5,531.0,0.3497202238209433,0.09960159362549802,-0.03498076058168007,-0.024953835404501676,1.624638692315359,4.525765496639283,1.7972872697857654,1.657364227459045,1.5575488858410382,8.056103655102474,26.159165641659605,-0.0998153416180067,6.498554769261436,18.103061986557133,24.501801414200564,35.700016676995034,62.380050467796885,30.924822432711338,46.369927786073575,55.38991067226676,82.06994446306861,9.019982886193185,14.710998459321104,11.969035331480745,13.899999999999999,0.806,16.77,6.195,1.635,1.1749999999999998,58.824,125.904,150.684,157.224,161.92399999999998,24.78,6.54,4.699999999999999,36.019999999999996
17,18.0,5.0,1.0,20.720000000000013,20.72,20.72,14.720000000000013,57.83999999999999,49.839999999999996,51.839999999999996,57.83999999999999,21.439999999999998,29.439999999999998,27.439999999999998,27.439999999999998,590.0,101.0,0.84,9.5,10.6,451.0,0.47250427264501854,0.07031289237105118,0.11527088658347116,0.29045019780660025,0.9605713136189902,2.1341463414634148,2.1712686600642788,2.6323522063981635,3.7941529976245647,7.636438252100525,16.173023617954186,1.161800791226401,3.8422852544759607,8.536585365853659,13.540671411556021,-39976.742330697314,-79961.39749967349,18.96351679184697,25.453489582333717,33.366327861190975,-39951.28884111498,7.912838278857257,11.344831023826137,-39996.0,4.45,0.467,0.605,0.42500000000000004,0.28,,19.668,22.088,23.788,24.908,-39971.092,1.7000000000000002,1.12,-39996.0,-39993.18
18,19.0,5.0,1.0,24.72,28.72,28.72,24.72,54.559999999999995,46.56,48.56,42.56,20.720000000000006,24.720000000000006,22.720000000000006,32.720000000000006,340.0,130.0,0.7,11.0,7.6,645.0,0.9067809277066414,0.010024057738572572,0.0,0.9686777794168265,1.1751117360518253,1.2299814247703198,3.667219941780856,3.667219941780856,7.541931059448162,12.242378003655464,17.162303702736743,3.874711117667306,4.700446944207301,4.919925699081279,13.495083760955886,25.521706923013685,44.19685726125089,18.247926145942984,24.728014419591293,31.574571004367773,50.24972134260498,6.84655658477648,10.535327592284837,8.139822745952369,6.515,0.398,3.29,0.52,0.735,0.045,27.651999999999997,40.812,42.891999999999996,45.831999999999994,46.01199999999999,2.08,2.94,0.18,5.199999999999999
19,20.0,5.0,1.0,19.439999999999998,15.439999999999998,11.439999999999998,13.439999999999998,53.12,59.12,63.12,67.12,27.439999999999998,25.439999999999998,25.439999999999998,19.439999999999998,426.0,112.0,0.86,12.1,6.2,503.0,0.9267144216801083,0.16084443327469214,0.01510497960827753,0.0,1.8132908239513796,2.32476046394352,4.350235419819202,4.410655338252313,4.410655338252313,11.663818634057831,20.96286048983191,0.0,7.2531632958055186,9.29904185577408,16.5522051515796,26.178791327044472,44.11119926782956,17.703718964119957,23.72817467542327,31.974558061682657,49.90696600246774,8.246383386259387,8.938659201119831,8.993748739665255,7.795,0.367,1.77,0.8200000000000001,0.405,0.36,32.647999999999996,39.727999999999994,43.007999999999996,44.62799999999999,46.06799999999999,3.2800000000000002,1.62,1.44,6.34
20,21.0,6.0,2.0,24.72,21.439999999999998,24.72,18.72,53.839999999999996,59.839999999999996,60.56,60.56,21.439999999999998,18.720000000000006,14.720000000000006,20.720000000000006,366.0,28.0,0.66,9.0,5.5,387.0,0.2597921662669864,0.0,0.014976038338658147,0.7712471015223309,1.3375056780901429,1.169267827570633,1.0391686650679457,1.0990728184225782,4.184061224511902,9.534083936872474,14.211155247155006,3.0849884060893236,5.3500227123605715,4.677071310282532,13.112082428732426,32.39916040225583,56.95992475393487,18.139689564238026,24.881486711939232,32.71988276251603,57.28064711419506,7.838396050576797,10.81779766343525,13.742966688243786,1.855,0.415,0.245,0.05499999999999999,0.6,0.44999999999999996,9.08,10.06,10.280000000000001,12.680000000000001,14.48,0.21999999999999997,2.4,1.7999999999999998,4.42
21,22.0,6.0,2.0,22.72,22.72,26.72,12.720000000000013,55.84,47.839999999999996,51.839999999999996,57.83999999999999,21.439999999999998,29.439999999999998,21.439999999999998,29.439999999999998,274.0,84.0,0.52,9.3,5.9,461.0,0.2597921662669864,0.0,0.014976038338658147,0.7712471015223309,1.3375056780901429,1.169267827570633,1.0391686650679457,1.0990728184225782,4.184061224511902,9.534083936872474,14.211155247155006,3.0849884060893236,5.3500227123605715,4.677071310282532,13.112082428732426,28.514327330555176,49.31931488655319,19.664935826035588,27.190027872235216,34.899367646792385,55.704355202790396,7.709339774557166,8.58,12.224987555998009,0.915,0.432,0.0,0.035,-0.14500000000000002,0.43999999999999995,5.388,5.388,5.528,4.9479999999999995,6.707999999999999,0.14,-0.5800000000000001,1.7599999999999998,1.3199999999999998
22,23.0,6.0,2.0,18.72,16.720000000000013,16.720000000000013,14.719999999999999,53.839999999999996,51.839999999999996,51.839999999999996,55.84,27.439999999999998,31.439999999999994,31.439999999999994,29.439999999999998,509.0,52.0,0.8,7.8,8.3,316.0,0.34786992689689944,0.015055706112616682,-0.05985634477254589,-0.01976382232323732,0.239389556630592,0.4219197347933096,1.4517025320380645,1.212277152947881,1.1332218636549318,2.0907800901773,3.7784590293505382,-0.07905528929294928,0.957558226522368,1.6876789391732383,2.566181876402657,29.39552396985882,51.78653213439903,19.72992243859688,27.000114650527962,34.00463045584657,56.395638620386784,7.004515805318614,12.680812459049443,9.710195705490765,1.23,0.476,0.03,0.015,0.43499999999999994,0.0,6.824,6.944,7.004,8.744,8.744,0.06,1.7399999999999998,0.0,1.7999999999999998
23,24.0,6.0,2.0,24.72,16.72,26.72,18.720000000000013,55.84,59.839999999999996,55.84,57.83999999999999,19.439999999999998,23.439999999999998,17.439999999999998,23.439999999999998,429.0,71.0,0.5,8.8,7.4,345.0,0.26249369005552753,0.04462072384729797,0.05044899606497831,0.32441200324412,0.6097560975609757,0.6562342251388188,1.228457655611302,1.4302536398712153,2.727901652847695,5.166926043091598,7.791862943646873,1.29764801297648,2.439024390243903,2.624936900555275,6.3616093037756585,32.71272988458557,55.967741914506725,18.21765240936299,27.624707700831593,37.082425555496016,60.33743758541716,9.45771785466442,13.188130682385854,10.066881347535299,1.7799999999999998,0.335,0.09,0.375,0.46499999999999997,0.07,8.459999999999999,8.819999999999999,10.319999999999999,12.179999999999998,12.459999999999997,1.5,1.8599999999999999,0.28,3.6399999999999997
24,25.0,7.0,2.0,22.72,20.72,24.72,18.72,56.56,58.56,62.56,62.56,20.720000000000006,20.720000000000006,12.720000000000004,18.720000000000006,362.0,21.0,0.48,10.4,6.1,432.0,0.817083563085869,0.035230761487744726,0.0,0.0,0.0,0.3102637241655407,3.409257298294455,3.409257298294455,3.409257298294455,3.409257298294455,4.6503121949566175,0.0,0.0,1.2410548966621628,1.2410548966621628,46.114170734570905,66.29208648906213,19.217396818648645,27.79113093202367,53.72738591210335,73.90530166659457,25.93625498007968,11.777755369567409,8.400160384923815,0.25,0.09,0.0,0.61,6.75,0.95,1.3599999999999999,1.3599999999999999,3.8,30.8,34.6,2.44,27.0,3.8,33.24
25,26.0,7.0,2.0,18.72,16.720000000000013,16.72,10.720000000000013,53.839999999999996,51.839999999999996,47.839999999999996,57.83999999999999,27.439999999999998,31.439999999999994,35.44,31.439999999999994,456.0,37.0,0.82,8.0,10.3,270.0,0.1957831325301205,0.0,0.31794095382286147,0.7990351273933364,1.9291794690978694,2.7079983922829585,0.783132530120482,2.054896345411928,5.251036854985273,12.96775473137675,23.799748300508583,3.1961405095733455,7.716717876391478,10.831993569131834,21.744851955096657,42.872081505395826,70.74541457524722,22.218870616396636,30.913207194136312,45.91195562968074,73.78528869953215,14.99874843554443,15.0196830523872,12.853650017464197,0.17,0.01,0.0,0.185,0.15,0.295,0.7200000000000001,0.7200000000000001,1.46,2.06,3.24,0.74,0.6,1.18,2.5199999999999996
26,27.0,7.0,2.0,24.72,25.439999999999998,24.72,18.719999999999985,55.84,43.839999999999996,50.56,50.56,19.439999999999998,30.72000000000001,24.720000000000006,30.72000000000001,371.0,46.0,0.81,11.0,10.0,467.0,0.53475935828877,0.030241935483870965,0.015115634604726156,0.14103661915075807,0.5743941149795939,0.7755816862646986,2.260005175090564,2.3204677135094687,2.884614190112501,5.1821906500308765,8.28451739508967,0.5641464766030323,2.2975764599183757,3.1023267450587944,5.964049681580202,26.88512233986521,47.41081622330056,21.601336810326387,28.011786446096295,34.37121490252616,54.8969087859615,6.359428456429865,9.606550828839625,10.919143054595718,0.265,0.01,0.0,0.035,0.045,0.2,1.1,1.1,1.2400000000000002,1.4200000000000002,2.22,0.14,0.18,0.8,1.12
27,28.0,7.0,2.0,22.72,20.72,22.72,18.719999999999985,56.56,58.56,58.56,52.56000000000001,20.720000000000006,20.720000000000006,18.720000000000006,28.720000000000006,349.0,27.0,0.7,9.0,5.7,410.0,0.42704983922829587,0.01981276932983308,0.00502815768302494,0.24121815166591287,0.5414076599157811,1.3769102738689667,1.7874504342325157,1.8075630649646155,2.772435671628267,4.938066311291392,10.445707406767259,0.9648726066636515,2.1656306396631244,5.507641095475867,8.638144341802644,55.64148022386475,76.68804025899341,17.49935378698506,24.72924000186775,59.32416019060383,80.3707202257325,34.594920188736076,12.547834843907351,8.498725191221315,0.155,0.02,0.0,0.605,0.135,0.0,0.7,0.7,3.12,3.66,3.66,2.42,0.54,0.0,2.96
28,29.0,8.0,2.0,21.439999999999998,18.72,18.72,14.719999999999999,49.839999999999996,43.839999999999996,43.839999999999996,55.84,28.720000000000006,37.44,37.44,29.439999999999998,418.0,52.0,0.89,8.9,7.8,318.0,0.28923353114247247,0.0,0.02015824220128005,0.4146475495828546,0.7635505098708997,0.6793949913215968,1.1569341245698899,1.23756709337501,2.8961572917064284,5.950359331190027,8.667939296476414,1.6585901983314184,3.0542020394835987,2.717579965286387,7.430372203101404,32.51256740912924,55.84166506381647,18.814001009639828,25.004453194950106,34.18792294939211,57.51702060407935,9.183469754442005,12.710505212510023,10.618592442177208,1.8900000000000001,0.51,0.31,1.145,0.475,0.22499999999999998,9.600000000000001,10.840000000000002,15.420000000000002,17.32,18.22,4.58,1.9,0.8999999999999999,7.380000000000001
29,30.0,8.0,2.0,25.439999999999998,23.439999999999998,25.439999999999998,18.72,55.84,59.839999999999996,59.839999999999996,54.559999999999995,18.720000000000006,16.720000000000006,14.720000000000006,26.720000000000006,260.0,56.0,0.52,9.7,6.9,368.0,0.639347563431333,0.030202355783751134,0.04027183488547697,0.6931886678722122,1.0289098574583415,0.9387775702821379,2.678199676860337,2.8392870164022446,5.612041687891093,9.727681117724458,13.48279139885301,2.772754671488849,4.115639429833366,3.7551102811285517,10.643504382450766,39.079119883141225,68.17280604284079,34.35266798327838,44.74044469650515,54.72587841994681,83.81956457964637,9.985433723441659,16.81112678895384,12.282559370745727,0.6900000000000001,0.905,0.245,0.315,0.8150000000000001,0.44999999999999996,6.380000000000001,7.360000000000001,8.620000000000001,11.88,13.68,1.26,3.2600000000000002,1.7999999999999998,6.32
30,31.0,8.0,2.0,26.72,22.72,24.72,18.72,54.559999999999995,54.559999999999995,58.56,60.56,18.720000000000006,22.720000000000006,16.720000000000006,20.720000000000006,494.0,75.0,0.71,9.4,7.0,329.0,0.1899240303878449,0.7193166491832759,0.4291203033780749,0.034893574597477696,0.21456015168903744,0.7076999750809867,3.636962718284483,5.353443931796782,5.493018230186693,6.351258836942843,9.18205873726679,0.13957429838991078,0.8582406067561498,2.830799900323947,3.828614805470007,45.17691680539198,76.71609852077088,22.17706342731755,34.56848783862447,48.206222928637544,79.74540464401645,13.637735090013077,15.337362528485087,16.201819186893815,1.4649999999999999,0.61,0.79,0.52,0.615,0.8300000000000001,8.299999999999999,11.459999999999999,13.54,16.0,19.32,2.08,2.46,3.3200000000000003,7.86
31,32.0,8.0,2.0,18.72,14.719999999999999,12.719999999999999,10.719999999999999,53.839999999999996,59.839999999999996,69.84,71.84,27.439999999999998,25.439999999999998,17.439999999999998,17.439999999999998,421.0,24.0,0.59,9.5,6.3,383.0,0.18921475875118257,0.0,0.0,0.004985044865403789,0.06485084306095978,0.15957712063032964,0.7568590350047303,0.7568590350047303,0.7767992144663455,1.0362025867101847,1.6745110692315033,0.019940179461615155,0.25940337224383914,0.6383084825213186,0.9176520342267729,51.63884795573124,83.2417390596846,30.56170008143028,41.42689122831157,61.46284808008943,93.0657391840428,20.03595685177786,13.179737411338598,18.423153692614772,2.1,0.935,0.35000000000000003,0.395,0.525,0.38,12.14,13.540000000000001,15.120000000000001,17.220000000000002,18.740000000000002,1.58,2.1,1.52,5.2
32,33.0,9.0,2.0,24.72,22.72,20.72,18.0,55.84,55.84,61.839999999999996,62.56,19.439999999999998,21.439999999999998,17.439999999999998,19.439999999999998,380.0,31.0,0.5,8.9,6.1,385.0,0.612366822662551,0.14464561823532346,0.004985541928407619,0.6433915211970075,2.3776293490180436,1.8456626926722202,3.028049763591498,3.0479919313051282,5.621558016093158,15.132075412165332,22.51472618285421,2.57356608478803,9.510517396072174,7.382650770688881,19.466734251549084,45.25322774623718,75.34153192047114,31.417539818729175,45.91174213780155,61.076665709804765,91.16496988403873,15.164923572003218,14.588329336530776,15.499974837703183,1.21,3.15,4.955,1.675,0.8400000000000001,0.355,17.439999999999998,37.26,43.96,47.32,48.74,6.7,3.3600000000000003,1.42,11.48
33,34.0,9.0,2.0,22.72,18.72,16.72,14.719999999999999,56.56,58.56,70.56,70.56,20.720000000000006,22.720000000000006,12.720000000000004,14.720000000000006,414.0,25.0,0.79,9.1,5.9,317.0,0.23478869017883905,0.0,0.0,0.0,0.009956192751891678,1.0708237872298036,0.9391547607153562,0.9391547607153562,0.9391547607153562,0.978979531722923,5.262274680642138,0.0,0.03982477100756671,4.283295148919215,4.323119919926781,58.339772164661255,98.5270634902745,29.05979461076123,36.13944062846035,54.29192146750835,94.4792127931216,18.152480839048003,25.753479523380395,14.433811802232853,1.61,3.79,3.685,1.6300000000000001,1.375,0.14,21.6,36.34,42.86000000000001,48.36000000000001,48.92000000000001,6.5200000000000005,5.5,0.56,12.58
34,35.0,9.0,2.0,18.72,18.72,18.72,16.72,51.839999999999996,45.839999999999996,47.839999999999996,53.839999999999996,29.439999999999998,35.44,33.44,29.439999999999998,293.0,49.0,0.51,10.1,5.8,395.0,0.004987282429804,0.0349179428343393,0.6241262232873976,1.055408970976253,1.8193599840494463,0.019958088015168147,0.1596209010565732,2.656125794206164,6.877761678111176,14.155201614308961,14.235033966369633,4.221635883905012,7.277439936197785,0.07983235206067259,11.57890817216347,-39962.72256477305,-79947.65950533425,19.58959225041835,26.84802261485204,49.062398402998326,-39935.8745421582,22.21437578814628,11.063059438801169,-39996.0,7.6,4.87,3.335,0.9099999999999999,0.15,,49.879999999999995,63.22,66.86,67.46,-39928.54,3.6399999999999997,0.6,-39996.0,-39991.76
35,36.0,9.0,2.0,24.72,27.439999999999998,26.72,16.72,53.839999999999996,51.839999999999996,58.56,60.56,21.439999999999998,20.720000000000006,14.720000000000006,22.720000000000006,319.0,48.0,0.65,9.3,5.5,368.0,0.36955653216140627,0.02989983555090447,0.0,0.019923295313044778,0.8850885088508851,1.5279372846657013,1.597825470849243,1.597825470849243,1.677518652101422,5.217872687504962,11.329621826167767,0.07969318125217911,3.5403540354035403,6.111749138662805,9.731796355318526,28.323917123806947,48.388782024216596,32.24747306200593,41.32142577663012,49.58047800002741,69.64534290043707,8.25905222339729,10.248182501880171,9.816682398529483,11.379999999999999,13.46,11.025,0.8250000000000001,3.65,1.28,99.36,143.46,146.76000000000002,161.36,166.48000000000002,3.3000000000000003,14.6,5.12,23.02
36,37.0,10.0,2.0,22.72,20.72,24.72,22.72,54.559999999999995,58.56,60.56,58.56,22.720000000000006,20.720000000000006,14.720000000000006,18.720000000000006,440.0,132.0,0.96,9.1,8.0,722.0,0.635572014813332,0.13051553636865618,0.004952456418383518,0.014817741776153316,0.11570580541301942,0.554519332560367,3.064350204727953,3.084160030401487,3.1434309975061003,3.606254219158178,5.824331549399647,0.05927096710461326,0.4628232216520777,2.218077330241468,2.740171518998159,50.99264659845017,91.58368677119753,24.133984008699777,33.59917068882086,44.00077711452367,84.59181728727103,10.401606425702813,24.292464561054466,16.29857561169289,1.29,1.295,0.5650000000000001,0.1,1.59,0.41000000000000003,10.34,12.6,13.0,19.36,21.0,0.4,6.36,1.6400000000000001,8.4
37,38.0,10.0,2.0,20.72,19.439999999999998,21.439999999999998,17.439999999999998,51.839999999999996,47.12,41.12,49.12,27.439999999999998,33.44,37.44,33.44,573.0,193.0,0.72,8.6,10.0,756.0,0.20472362310880313,0.0,0.0,0.020167389331451045,0.32227201772496095,0.2111507717057966,0.8188944924352125,0.8188944924352125,0.8995640497610167,2.1886521206608602,3.0332552074840464,0.08066955732580418,1.2890880708998438,0.8446030868231864,2.2143607150488345,32.98685031716528,58.06227637665567,19.884186072544033,26.109631826548263,34.02105608422315,59.096482143713544,7.911424257674886,12.333651383518303,12.741774675972085,0.8899999999999999,0.335,0.02,0.165,0.805,0.43999999999999995,4.8999999999999995,4.9799999999999995,5.64,8.86,10.62,0.66,3.22,1.7599999999999998,5.640000000000001
38,39.0,10.0,2.0,22.72,20.720000000000013,22.72,18.72,53.839999999999996,57.83999999999999,51.839999999999996,61.839999999999996,23.439999999999998,21.439999999999998,25.439999999999998,19.439999999999998,429.0,183.0,0.95,8.6,7.9,832.0,0.3462117410938284,0.07467144563918758,0.030140151705430253,0.0050344862306801585,0.015074619365861013,0.04544765944553855,1.683532746932064,1.804093353753785,1.8242312986765057,1.8845297761399498,2.066320413922104,0.020137944922720634,0.06029847746344405,0.1817906377821542,0.26222706016831887,33.89826597331873,59.52150300417006,23.95366543775284,31.894161970067646,40.16919091253506,65.79242794338637,8.275028942467408,17.500502310628892,8.122734720222432,1.2,0.21999999999999997,0.185,0.28,3.18,0.22499999999999998,5.68,6.42,7.54,20.26,21.16,1.12,12.72,0.8999999999999999,14.74
39,40.0,10.0,2.0,20.72,16.72,24.72,18.719999999999985,56.56,58.56,54.559999999999995,50.56,22.720000000000006,24.720000000000006,20.720000000000006,30.72000000000001,759.0,210.0,0.69,7.4,14.4,770.0,0.22625571924179194,0.004960071425028521,0.015021029441217706,0.18320459496930083,0.7317928925868377,,0.9248631626672819,0.9849472804321526,1.717765660309356,4.644937230656707,-39991.35506276934,0.7328183798772033,2.9271715703473506,-39996.0,-39992.340010049775,45.10743589559748,65.6022555760595,23.334893018215368,33.82887559538441,58.44149181051987,78.9363114909819,24.61261621513546,11.337092227144582,9.157727453317442,1.585,0.14,0.38,0.385,0.595,0.04,6.9,8.42,9.96,12.34,12.5,1.54,2.38,0.16,4.08
40,41.0,11.0,3.0,16.72,12.719999999999999,18.720000000000013,16.72,53.839999999999996,55.84,49.839999999999996,49.839999999999996,29.439999999999998,31.439999999999994,31.439999999999994,33.44,662.0,77.0,0.61,8.2,8.9,370.0,0.2651325662831415,0.19157088122605362,0.02015824220128005,0.025139524360199107,0.3100620124024805,0.26163522012578616,1.8268137900367805,1.9074467588419006,2.008004856282697,3.2482529058926186,4.294793786395763,0.10055809744079643,1.240248049609922,1.0465408805031446,2.3873470275538633,34.39334540624684,61.066158015308446,20.904201993896244,28.2320478079898,35.95258060517502,62.62539321423664,7.720532797185223,12.32986389111289,14.342948717948719,3.92,0.55,0.42500000000000004,0.0,0.785,0.29000000000000004,17.88,19.58,19.58,22.72,23.88,0.0,3.14,1.1600000000000001,4.300000000000001
41,42.0,11.0,3.0,20.72,18.72,24.0,20.0,53.839999999999996,55.84,56.56,54.559999999999995,25.439999999999998,25.439999999999998,19.439999999999998,25.439999999999998,591.0,87.0,0.71,8.0,7.3,422.0,0.6460983672242814,0.15108783239323126,0.09505227875331433,0.45074372714979716,0.8854454897620365,0.5645483613109513,3.1887447984700508,3.568953913483308,5.371928822082497,8.913710781130643,11.171904226374448,1.8029749085991886,3.541781959048146,2.2581934452438053,7.60295031289114,-39973.157770463535,-79954.64761335356,24.50459465995355,32.762942990287485,41.09501541677662,-39940.39482747325,8.33207242648913,14.510157109976983,-39996.0,2.4699999999999998,0.47,0.32,0.395,1.36,,11.759999999999998,13.039999999999997,14.619999999999997,20.06,-39975.94,1.58,5.44,-39996.0,-39988.98
42,43.0,11.0,3.0,26.719999999999985,24.0,30.0,22.0,52.56000000000001,51.279999999999994,51.279999999999994,47.279999999999994,20.720000000000006,24.720000000000006,18.720000000000006,30.72000000000001,481.0,72.0,0.7,9.3,8.6,453.0,0.24202087430040842,0.05998500374906273,0.00502260170768458,0.02009040683073832,0.2857572567303354,0.34039145016769284,1.2080235121978846,1.228113919028623,1.3084755463515763,2.451504573272918,3.813070373943689,0.08036162732295328,1.1430290269213417,1.3615658006707714,2.5849564549150665,44.961816792950216,75.72245015394776,20.622424662197858,28.487254190509233,42.6884376224619,73.44907098345945,14.201183431952662,16.93026058141286,13.830372779584689,0.925,0.095,0.0,0.805,0.5750000000000001,,4.08,4.08,7.300000000000001,9.600000000000001,-39986.4,3.22,2.3000000000000003,-39996.0,-39990.48
43,44.0,11.0,3.0,18.72,17.439999999999998,15.439999999999998,21.440000000000012,53.839999999999996,59.12,65.12,57.11999999999999,27.439999999999998,23.439999999999998,19.439999999999998,21.439999999999998,393.0,85.0,0.7,9.5,6.6,556.0,0.4297851074462769,0.0,0.0,0.0201684061917007,0.5270555165144062,1.060795596697523,1.7191404297851076,1.7191404297851076,1.7998140545519103,3.908036120609535,8.151218507399626,0.0806736247668028,2.1082220660576247,4.243182386790092,6.43207807761452,41.085260049213176,62.77377303160526,25.415128606985434,34.85735968268264,54.254106749503734,75.94261973189582,19.39674706682109,12.221057361090311,9.467455621301776,3.54,1.57,0.405,0.21999999999999997,0.885,0.75,20.44,22.060000000000002,22.94,26.48,29.48,0.8799999999999999,3.54,3.0,7.42
44,45.0,12.0,3.0,26.72,24.72,26.0,22.72,51.839999999999996,49.839999999999996,48.56,47.839999999999996,21.439999999999998,25.439999999999998,25.439999999999998,29.439999999999998,480.0,141.0,0.83,8.5,7.3,784.0,0.3415369161225515,0.1548296873439217,0.01001552406229656,0.009974564859608,0.48819769490160553,0.38379105816677467,1.9854664138658928,2.025528510115079,2.065426769553511,4.0182175491599335,5.553381781827032,0.039898259438432,1.9527907796064221,1.5351642326670987,3.527853271711953,28.807362717265427,48.81272042199952,22.844159007108708,30.91028129350584,39.71228630603717,59.71764401077127,8.802005012531328,10.288999848691178,9.716357856042917,1.87,2.2800000000000002,2.015,1.115,18.34,19.34,16.6,24.660000000000004,29.120000000000005,102.48,179.84,4.46,73.36,77.36,155.18
45,46.0,12.0,3.0,22.0,26.0,26.0,16.0,52.400000000000006,50.4,56.39999999999999,56.39999999999999,25.6,23.6,17.6,27.6,353.0,119.0,0.69,10.0,7.4,681.0,0.5231388329979879,0.18011707609946465,0.025211778943122227,0.0,0.02506265664160401,0.16944084521080433,2.8130236363898105,2.9138707521622993,2.9138707521622993,3.0141213787287153,3.6918847595719324,0.0,0.10025062656641603,0.6777633808432173,0.7780140074096333,33.512087156160234,60.67784611649091,26.949288972145474,33.43730025564336,39.783628451472914,66.9493874118036,6.346328195829555,14.218295009539109,12.94746395079157,1.355,0.6950000000000001,1.395,0.67,0.0,0.645,8.2,13.78,16.46,16.46,19.04,2.68,0.0,2.58,5.26
46,47.0,12.0,3.0,18.0,16.0,18.000000000000014,20.0,53.67999999999999,57.68,59.679999999999986,57.68,28.320000000000007,26.320000000000004,22.320000000000004,22.320000000000004,446.0,152.0,0.82,8.5,7.3,714.0,0.2762986034361499,0.1055594651653765,0.08458132245385343,0.005041593143433325,0.5372295024351056,1.103309929789368,1.5274322744061057,1.8657575642215194,1.8859239367952527,4.034841946535675,8.448081665693147,0.0201663725737333,2.1489180097404224,4.413239719157472,6.582324101471627,37.3763155633727,60.40087233277555,22.685100658395537,30.477570629123306,44.82932942309316,67.853886192496,14.35175879396985,12.55820940363527,10.466347365767582,5.460000000000001,1.065,0.785,0.5,1.025,0.5750000000000001,26.1,29.240000000000002,31.240000000000002,35.34,37.64,2.0,4.1,2.3000000000000003,8.4
47,48.0,12.0,3.0,18.72,14.719999999999999,22.72,14.720000000000013,55.67999999999999,61.67999999999999,55.67999999999999,59.679999999999986,25.6,23.6,21.6,25.6,540.0,146.0,0.7,8.9,8.3,908.0,0.15980823012385137,0.04522158577027434,0.010073536818777071,0.02010757552908058,0.4467871485943775,0.9568414161252959,0.8201192635765029,0.8604134108516112,0.9408437129679335,2.7279923073454437,6.555357971846627,0.08043030211632232,1.78714859437751,3.8273656645011838,5.694944560995016,33.01567896900356,59.14833907008259,20.097808052077024,27.353407591085894,34.236426459010424,60.36908656008946,6.8830188679245285,14.737160425381784,11.395499675697248,1.4149999999999998,0.42500000000000004,0.165,0.625,0.52,0.46499999999999997,7.359999999999999,8.02,10.52,12.6,14.459999999999999,2.5,2.08,1.8599999999999999,6.4399999999999995
48,49.0,13.0,3.0,22.72,16.72,16.72,16.72,51.67999999999999,55.67999999999999,57.68,47.67999999999999,25.6,27.6,25.6,35.6,524.0,28.0,0.56,8.9,6.4,351.0,0.23563621778802768,0.09026175910139404,0.07051120624527828,0.09936900680677696,0.3336154956928746,0.14406358668653751,1.303591907557687,1.5856367325388,1.983112759765908,3.3175747425374063,3.8938290892835563,0.39747602722710784,1.3344619827714983,0.5762543467461501,2.3081923567447564,34.354344312430484,61.64511647551687,25.03427830871194,31.530984699821712,38.59455684916581,65.8853290122522,7.063572149344097,17.911044477761124,9.379727685325264,0.9750000000000001,0.13,0.015,0.11499999999999999,0.8550000000000001,0.515,4.42,4.4799999999999995,4.9399999999999995,8.36,10.42,0.45999999999999996,3.4200000000000004,2.06,5.94
49,50.0,13.0,3.0,22.72,9.439999999999998,16.72,12.719999999999999,53.67999999999999,58.96,55.67999999999999,55.67999999999999,23.6,31.6,27.6,31.6,453.0,24.0,0.8,9.6,6.9,320.0,0.08,0.0,0.0,0.11031992779059271,0.6241506014999748,0.5519594560690452,0.32,0.32,0.7612797111623708,3.25788211716227,5.465719941438451,0.44127971116237086,2.4966024059998992,2.2078378242761807,5.1457199414384505,39.460246858741996,69.74710662070979,16.806504453928426,23.606844470929275,32.78023156770347,63.06709132967127,9.173387096774194,20.305785949835116,9.981073812132681,1.655,0.4,0.075,0.48,0.705,0.185,8.22,8.520000000000001,10.440000000000001,13.260000000000002,14.000000000000002,1.92,2.82,0.74,5.48
50,51.0,13.0,3.0,20.72,22.72,24.72,16.72,55.67999999999999,45.67999999999999,47.67999999999999,51.67999999999999,23.6,31.6,27.6,31.6,365.0,25.0,0.58,9.6,5.7,341.0,0.14541443112871685,0.0,0.0,0.0,0.04534233462642954,0.0,0.5816577245148674,0.5816577245148674,0.5816577245148674,0.7630270630205855,0.7630270630205855,0.0,0.18136933850571815,0.0,0.18136933850571815,28.449934082510843,49.052390927736106,15.641847329052524,21.45118448167326,29.298661718958837,49.9011185641841,7.8474772372855774,11.81544633901705,8.787010506208214,1.01,0.0,0.17500000000000002,0.17,0.28,0.265,4.04,4.74,5.42,6.54,7.6,0.68,1.12,1.06,2.8600000000000003
51,52.0,13.0,3.0,20.72,22.72,20.72,16.72,54.400000000000006,50.4,52.400000000000006,60.4,24.880000000000003,26.880000000000003,26.880000000000003,22.880000000000003,383.0,57.0,0.81,10.1,5.4,450.0,0.0,0.0,0.0,0.0,0.29736404415100043,0.4052785054119508,0.0,0.0,0.0,1.1894561766040017,2.810570198251805,0.0,1.1894561766040017,1.6211140216478033,2.810570198251805,30.79709128530392,56.13772926525632,20.120036979323075,26.588716789654995,32.04517009500652,57.385808074958916,5.456453305351522,12.828105395232122,12.512532584720274,4.3,1.46,0.555,0.76,1.275,0.22499999999999998,23.04,25.259999999999998,28.299999999999997,33.4,34.3,3.04,5.1,0.8999999999999999,9.040000000000001
52,53.0,14.0,3.0,18.72,20.72,14.719999999999999,16.72,53.67999999999999,49.67999999999999,55.67999999999999,49.67999999999999,27.6,29.600000000000005,29.600000000000005,33.6,399.0,27.0,0.76,8.5,5.4,722.0,0.5494505494505495,0.09924080782017565,0.0,0.24102435350238516,1.0442415376078291,0.8621558939195322,2.5947654290829005,2.5947654290829005,3.558862843092441,7.735828993523757,11.184452569201886,0.9640974140095406,4.1769661504313165,3.4486235756781287,8.589687140118986,37.00213066168691,66.06431472656794,21.49763562544134,29.201904071044993,37.141850667850875,66.20403473273191,7.939946596805885,17.16900427733015,11.893179787550876,4.915,11.365,4.0600000000000005,0.685,5.02,1.29,65.12,81.36000000000001,84.10000000000001,104.18,109.34,2.74,20.08,5.16,27.98
53,54.0,14.0,3.0,20.72,24.72,24.72,16.72,52.400000000000006,50.4,46.4,50.4,26.880000000000003,24.880000000000003,28.88,32.88,466.0,60.0,0.56,8.0,5.0,615.0,0.07041190967157875,0.0,0.0,0.6832917705735662,1.7589839221813415,1.7855341470795925,0.281647638686315,0.281647638686315,3.0148147209805796,10.050750409705945,17.192886998024314,2.7331670822942646,7.035935688725366,7.14213658831837,16.911239359338,-39973.38679673381,-79957.3923478837,19.576061527632977,29.12901923171205,39.74777364778149,-39944.2577775021,10.618754416069445,11.994448850118953,-39996.0,9.25,4.045,0.315,1.9500000000000002,0.165,0.3,53.18,54.44,62.239999999999995,62.89999999999999,64.1,7.800000000000001,0.66,1.2,9.66
54,55.0,14.0,3.0,18.72,14.719999999999999,20.72,16.72,54.400000000000006,58.4,56.39999999999999,58.4,26.880000000000003,26.880000000000003,22.880000000000003,24.880000000000003,557.0,148.0,0.74,8.1,5.2,680.0,1.4150468325108272,0.8118602188492764,0.7422266800401203,2.8083453667280778,4.000597847748107,3.2085561497326203,8.907628205440414,11.876534925600895,23.109916392513206,39.112307783505635,51.94653238243612,11.233381466912311,16.00239139099243,12.834224598930481,40.069997456835225,-39973.54852438252,-79957.00021338518,21.83604201758046,29.8267598705795,39.72992449072525,-39943.72176451194,9.903164620145752,12.548310997339758,-39996.0,16.705000000000002,4.625,0.655,1.7249999999999999,0.56,0.21999999999999997,85.32000000000001,87.94000000000001,94.84000000000002,97.08000000000001,97.96000000000001,6.8999999999999995,2.24,0.8799999999999999,10.02
55,56.0,14.0,3.0,16.72,13.439999999999998,14.719999999999999,10.720000000000013,53.67999999999999,54.96,49.67999999999999,59.679999999999986,29.600000000000005,31.6,35.6,29.600000000000005,470.0,143.0,0.59,7.8,5.2,759.0,0.3750937734433608,0.0,0.00502411575562701,0.13042387760220717,3.3506441625886345,1.594611994255435,1.5003750937734432,1.5204715567959513,2.04216706720478,15.444743717559318,21.82319169458106,0.5216955104088287,13.402576650354538,6.37844797702174,20.30272013778511,-39968.87815478282,-79948.63943167386,21.911022156464362,29.350913280008896,40.23403538823662,-39939.52724150281,10.88312210822772,16.238723108952115,-39996.0,15.67,3.0149999999999997,0.315,2.36,0.325,0.21499999999999997,74.74,76.0,85.44,86.74,87.6,9.44,1.3,0.8599999999999999,11.6
56,57.0,15.0,3.0,18.72,16.72,18.72,18.72,54.400000000000006,56.39999999999999,56.39999999999999,56.39999999999999,26.880000000000003,26.880000000000003,24.880000000000003,24.880000000000003,461.0,71.0,0.55,7.7,5.5,293.0,0.9882020772411012,0.0,0.0,0.0,0.8045172896262244,0.5274944015924359,3.952808308964405,3.952808308964405,3.952808308964405,7.170877467469302,9.280855073839046,0.0,3.2180691585048975,2.1099776063697435,5.328046764874641,34.30801471849621,61.47353157471185,20.434225741662306,29.66902763701466,36.81152549929523,63.977042355510875,7.142497862280568,16.994318467494594,10.171198388721047,0.74,0.335,0.0,0.59,0.27,0.525,4.3,4.3,6.66,7.74,9.84,2.36,1.08,2.1,5.54
57,58.0,15.0,3.0,20.0,16.72,18.72,20.72,55.120000000000005,58.4,64.4,62.4,24.880000000000003,24.880000000000003,16.880000000000003,16.880000000000003,595.0,59.0,0.85,9.4,7.3,481.0,0.250676827434072,0.0,0.0,0.0,0.21206765968189853,0.11998200269959504,1.002707309736288,1.002707309736288,1.002707309736288,1.850977948463882,2.330905959262262,0.0,0.8482706387275941,0.47992801079838016,1.3281986495259743,38.431501915472225,69.372963990307,27.123214428278693,35.49764824810758,42.98768808874503,73.9291501635798,7.490039840637451,20.583978038432743,10.357484036402031,0.8799999999999999,0.155,0.085,0.0,0.48,,4.14,4.4799999999999995,4.4799999999999995,6.3999999999999995,-39989.6,0.0,1.92,-39996.0,-39994.08
58,59.0,15.0,3.0,20.72,16.72,18.72,18.72,51.67999999999999,55.67999999999999,43.67999999999999,49.67999999999999,27.6,27.6,37.6,31.6,421.0,41.0,0.63,9.1,6.8,375.0,0.16494227020542812,0.0,0.0,0.0,0.5446892795246349,0.4250637595639346,0.6597690808217125,0.6597690808217125,0.6597690808217125,2.8385261989202517,4.53878123717599,0.0,2.1787571180985394,1.7002550382557384,3.879012156354278,32.329116887166485,57.23011875835853,31.81811852782139,41.76626331964538,49.194378335619824,74.09538020681187,7.4281150159744405,14.58501208702659,10.315989784165456,0.34500000000000003,0.0,0.065,0.17,0.255,,1.3800000000000001,1.6400000000000001,2.3200000000000003,3.3400000000000003,-39992.66,0.68,1.02,-39996.0,-39994.3
59,60.0,15.0,3.0,24.0,22.72,24.72,20.72,54.400000000000006,52.400000000000006,50.4,48.4,21.6,24.880000000000003,24.880000000000003,30.880000000000003,457.0,76.0,0.84,8.7,7.9,393.0,0.09055692508929919,0.0,0.0,0.0,0.3623917857861888,0.14094432699083864,0.36222770035719676,0.36222770035719676,0.36222770035719676,1.811794843501952,2.3755721514653065,0.0,1.4495671431447552,0.5637773079633546,2.01334445110811,45.729548230043314,76.94621401242156,22.347563666200106,27.73017061538669,42.24305306305175,73.45971884543,14.512882447665056,15.657443743480204,15.559222038898055,0.5700000000000001,0.235,0.07,0.54,0.37,,3.22,3.5,5.66,7.140000000000001,-39988.86,2.16,1.48,-39996.0,-39992.36
